Person,Location,Email,Destination
Joy,Midnapore,et@velitAliquamnisl.co.uk,Samsun
Travis,Llaillay,arcu.ac.orci@lacinia.ca,Sant'Ilario dello Ionio
Henry,Acciano,leo.Cras.vehicula@orcilobortis.ca,San Luca
Dahlia,Innsbruck,ac@Inlorem.org,Sargodha
Ivory,Alvito,a@at.co.uk,Sant'Egidio alla Vibrata
Anne,Bayswater,laoreet.lectus.quis@quisaccumsan.com,Elbląg
Mason,Wolvertem,volutpat.Nulla.dignissim@ligula.edu,Abbotsford
Gannon,Wortel,Etiam@velitCraslorem.com,Straubing
Doris,Castle Douglas,est.mollis@acrisus.ca,Saint Andr�
Tashya,Segni,a.enim.Suspendisse@ornareelit.edu,Wieze
Joel,Augsburg,nibh.Aliquam.ornare@nonenim.org,Lelystad
Kylie,Comblain-Fairon,Donec.egestas@Morbinequetellus.com,Mansfield
Howard,Windermere,dictum.Proin.eget@tellusPhaselluselit.com,Kavaratti
Sandra,Lincoln,magna@varius.co.uk,Korbach
Jesse,Altavilla Irpina,varius@sed.com,Meetkerke
Rae,Saltcoats,enim.gravida@miloremvehicula.net,Delianuova
Bertha,Rampur,pharetra@FuscemollisDuis.co.uk,Oberursel
Ann,Mörfelden-Walldorf,Nullam.vitae@accumsanneque.net,South Bend
Brennan,Donnas,orci.sem.eget@Donec.org,Seborga
Hu,Henstedt-Ulzburg,Cum.sociis@ametmassaQuisque.ca,Belvedere Ostrense
Hayes,Knoxville,sed.hendrerit@gravida.org,Stornaway
Vanna,Tulsa,fermentum.vel@Donec.net,Retford
Declan,Queanbeyan,enim@tacitisociosquad.com,Saint-Marcel
Curran,Meerut Cantonment,cursus.purus.Nullam@afelisullamcorper.edu,Sioux City
Garrison,Straubing,elit.pretium@uterat.com,Castletown
Heather,Alert Bay,et.arcu@Donecnonjusto.edu,Roccanova
Dana,Salzgitter,malesuada.vel@cursus.com,Castelvetere in Val Fortore
Coby,Martigues,Vivamus.nisi.Mauris@ornareelit.com,Nuragus
Jack,Papasidero,Mauris@Donec.org,Malartic
Kendall,Bareilly,lobortis@Aeneaneget.co.uk,Ganshoren
Raphael,Forchies-la-Marche,lacus.Etiam.bibendum@sitametdapibus.org,Market Drayton
Kyla,Ruvo del Monte,cursus.non@montesnasceturridiculus.edu,Workington
Addison,St. Andrews,sodales.Mauris.blandit@lectus.org,Turriff
Laith,Bowling Green,non.hendrerit.id@sed.co.uk,Penrith
Harding,Tambaram,Integer.eu@magnaUttincidunt.ca,Rocca Massima
Katelyn,Campli,eleifend.nec.malesuada@Nullainterdum.edu,Caldarola
Minerva,Hasselt,tempus.non@Praesent.com,Nuragus
Vera,Herne,Sed.congue@ipsumdolor.ca,Nanaimo
Emily,Rhisnes,aliquam@odio.net,Massemen
Donna,Serrungarina,justo.eu.arcu@sed.ca,Angers
Jaquelyn,Villafranca in Lunigiana,sagittis@Ut.org,Weyburn
Fatima,Pukekohe,Lorem.ipsum@cursusluctusipsum.org,Almere
Holly,Gudivada,vitae.erat.Vivamus@neque.net,Savona
Amela,Bahawalpur,sagittis@nec.edu,HavrŽ
Wing,Konya,leo@nonummyultricies.co.uk,Bella
Tana,Freire,luctus.vulputate@Sed.ca,Morinville
Griffin,Corte Brugnatella,non@nequeNullam.co.uk,Shaki
Thaddeus,Wekweti,magna.a@Praesenteu.org,Ayas
Jackson,Guben,vehicula.risus.Nulla@sed.co.uk,Bhagalpur
Fletcher,Palma de Mallorca,amet@placeratorcilacus.ca,Chattanooga
Quinn,Lebbeke,tincidunt@dolor.edu,Flin Flon
Fallon,Suwałki,leo.Morbi@semper.com,Rio Grande
Heather,Jandrain-Jandrenouille,varius.ultrices.mauris@adipiscingnon.com,Bouffioulx
Ruby,Hapur,enim@afeugiattellus.com,Parndorf
Phoebe,Hove,porttitor@diamatpretium.com,Gölcük
Burton,Konstanz,a.facilisis@augue.co.uk,Szczecin
Justin,Bridge of Allan,Proin.sed@magnaNam.co.uk,Legal
Guy,Schwaz,consectetuer.adipiscing.elit@convallisdolor.net,Segni
Eden,Gbongan,turpis.egestas@diamSed.co.uk,Sooke
Bevis,Rosenheim,a@Etiambibendumfermentum.co.uk,Chillán
Samuel,Kidwelly,et@Pellentesqueut.org,Den Helder
Tucker,Montoggio,purus@nostra.com,Sargodha
Hope,VTM,nisl.Nulla.eu@Utsemper.org,Connah's Quay
Troy,Savona,in.magna@volutpat.net,Rotem
Maxine,Leiden,Morbi@eleifendCrassed.org,Pont-de-Loup
Evan,Mangalore,fringilla@nibhPhasellusnulla.net,Guelph
Shannon,Rio Marina,amet.ornare.lectus@ligulaNullamfeugiat.net,Chanco
Tara,Kendal,venenatis.a.magna@amagnaLorem.edu,Oudekapelle
Vance,Premeno,nec.quam.Curabitur@enim.co.uk,Sankt Wendel
Vera,Ramara,ipsum@eratSed.com,Ancarano
Harrison,Williams Lake,imperdiet.ornare.In@aliquetvelvulputate.net,Fairbanks
Dustin,Le Grand-Quevilly,at.velit@quamelementum.org,Soverzene
Cassandra,Hudiksvall,odio@Etiambibendum.ca,Saintes
Randall,San Giuliano di Puglia,Integer@mus.co.uk,Teruel
Lev,Saskatoon,Duis@cursuseteros.net,Biloxi
Madison,Cache Creek,arcu.imperdiet@egestaslacinia.net,Treglio
Martena,Rockville,cursus.Nunc.mauris@Morbi.net,Aurora
Holly,Codó,Etiam.gravida@eu.org,Nederokkerzeel
Talon,Watson Lake,laoreet.lectus.quis@miac.net,Steyr
Melodie,Bussolengo,a.mi@lectusconvallis.org,Dro
Kuame,Attimis,dui.Cras@diam.co.uk,Mespelare
MacKensie,Mansfield-et-Pontefract,urna.Nullam.lobortis@etmagnis.edu,Wichita
Walker,Erpe,Praesent@enimcondimentum.co.uk,Campitello di Fassa
Darryl,Presteigne,ipsum.primis@sit.ca,Aix-en-Provence
Armando,Surbo,in@vel.co.uk,Fort St. John
Rooney,Schaarbeek,lacus@elitEtiam.com,Argyle
Josephine,Balfour,metus@senectus.com,Vitry-sur-Seine
Natalie,Williams Lake,Aliquam.auctor@Proinvelit.net,Toronto
Mark,Fort St. John,habitant@erategettincidunt.ca,Pironchamps
Rashad,Sparwood,in.consectetuer.ipsum@rutrum.net,Rewa
Ingrid,Dereham,vulputate@nuncIn.ca,Serskamp
Colin,Allentown,eget.metus@nostraperinceptos.com,Nîmes
Constance,Lerwick,Nulla@Aliquamtincidunt.co.uk,My
Lois,Hearst,Nam@Fuscemi.ca,Mores
Kyle,Ottignies-Louvain-la-Neuve,rhoncus@Intincidunt.edu,Steenhuffel
Eric,Bicinicco,tristique.senectus.et@non.ca,Serrata
Kiara,Lloydminster,eget.metus.eu@urnaconvallis.com,Mönchengladbach
Leila,Londrina,libero@Fuscedolorquam.edu,Verrès
Chelsea,Folx-les-Caves,ac.ipsum.Phasellus@justo.com,Roux
Kibo,Buckingham,malesuada.fames.ac@ligulaAeneangravida.edu,Irvine
